train_id,train_type,station,arrival_time,departure_time,transfer_station
40000000,Local,B1,5:00,5:00,FALSE
40000000,Local,B2,5:02,5:02,TRUE
40000000,Local,B3,5:08,5:08,FALSE
40000000,Local,B4,5:13,5:13,FALSE
40000000,Local,B5,5:17,5:17,FALSE
40000000,Local,B6,5:19,5:19,FALSE
40000000,Local,B7,5:23,5:23,FALSE
40000000,Local,B8,5:25,5:25,TRUE
40000000,Local,B9,5:29,5:29,FALSE
40000001,Local,B1,5:10,5:10,FALSE
40000001,Local,B2,5:12,5:12,TRUE
40000001,Local,B3,5:18,5:18,FALSE
40000001,Local,B4,5:23,5:23,FALSE
40000001,Local,B5,5:27,5:27,FALSE
40000001,Local,B6,5:29,5:29,FALSE
40000001,Local,B7,5:33,5:33,FALSE
40000001,Local,B8,5:35,5:35,TRUE
40000001,Local,B9,5:39,5:39,FALSE
40000002,Local,B1,5:20,5:20,FALSE
40000002,Local,B2,5:22,5:22,TRUE
40000002,Local,B3,5:28,5:28,FALSE
40000002,Local,B4,5:33,5:33,FALSE
40000002,Local,B5,5:37,5:37,FALSE
40000002,Local,B6,5:39,5:39,FALSE
40000002,Local,B7,5:43,5:43,FALSE
40000002,Local,B8,5:45,5:45,TRUE
40000002,Local,B9,5:49,5:49,FALSE
40000003,Local,B1,5:30,5:30,FALSE
40000003,Local,B2,5:32,5:32,TRUE
40000003,Local,B3,5:38,5:38,FALSE
40000003,Local,B4,5:43,5:43,FALSE
40000003,Local,B5,5:47,5:47,FALSE
40000003,Local,B6,5:49,5:49,FALSE
40000003,Local,B7,5:53,5:53,FALSE
40000003,Local,B8,5:55,5:55,TRUE
40000003,Local,B9,5:59,5:59,FALSE
40000004,Local,B1,5:40,5:40,FALSE
40000004,Local,B2,5:42,5:42,TRUE
40000004,Local,B3,5:48,5:48,FALSE
40000004,Local,B4,5:53,5:53,FALSE
40000004,Local,B5,5:57,5:57,FALSE
40000004,Local,B6,5:59,5:59,FALSE
40000004,Local,B7,6:03,6:03,FALSE
40000004,Local,B8,6:05,6:05,TRUE
40000004,Local,B9,6:09,6:09,FALSE
40000005,Local,B1,5:50,5:50,FALSE
40000005,Local,B2,5:52,5:52,TRUE
40000005,Local,B3,5:58,5:58,FALSE
40000005,Local,B4,6:03,6:03,FALSE
40000005,Local,B5,6:07,6:07,FALSE
40000005,Local,B6,6:09,6:09,FALSE
40000005,Local,B7,6:13,6:13,FALSE
40000005,Local,B8,6:15,6:15,TRUE
40000005,Local,B9,6:19,6:19,FALSE
40000006,Local,B1,6:00,6:00,FALSE
40000006,Local,B2,6:02,6:02,TRUE
40000006,Local,B3,6:08,6:08,FALSE
40000006,Local,B4,6:13,6:13,FALSE
40000006,Local,B5,6:17,6:17,FALSE
40000006,Local,B6,6:19,6:19,FALSE
40000006,Local,B7,6:23,6:23,FALSE
40000006,Local,B8,6:25,6:25,TRUE
40000006,Local,B9,6:29,6:29,FALSE
40000007,Local,B1,6:08,6:08,FALSE
40000007,Local,B2,6:10,6:10,TRUE
40000007,Local,B3,6:16,6:16,FALSE
40000007,Local,B4,6:21,6:21,FALSE
40000007,Local,B5,6:25,6:25,FALSE
40000007,Local,B6,6:27,6:27,FALSE
40000007,Local,B7,6:31,6:31,FALSE
40000007,Local,B8,6:33,6:33,TRUE
40000007,Local,B9,6:37,6:37,FALSE
40000008,Local,B1,6:16,6:16,FALSE
40000008,Local,B2,6:18,6:18,TRUE
40000008,Local,B3,6:24,6:24,FALSE
40000008,Local,B4,6:29,6:29,FALSE
40000008,Local,B5,6:33,6:33,FALSE
40000008,Local,B6,6:35,6:35,FALSE
40000008,Local,B7,6:39,6:39,FALSE
40000008,Local,B8,6:41,6:41,TRUE
40000008,Local,B9,6:45,6:45,FALSE
40000009,Local,B1,6:24,6:24,FALSE
40000009,Local,B2,6:26,6:26,TRUE
40000009,Local,B3,6:32,6:32,FALSE
40000009,Local,B4,6:37,6:37,FALSE
40000009,Local,B5,6:41,6:41,FALSE
40000009,Local,B6,6:43,6:43,FALSE
40000009,Local,B7,6:47,6:47,FALSE
40000009,Local,B8,6:49,6:49,TRUE
40000009,Local,B9,6:53,6:53,FALSE
40000010,Local,B1,6:32,6:32,FALSE
40000010,Local,B2,6:34,6:34,TRUE
40000010,Local,B3,6:40,6:40,FALSE
40000010,Local,B4,6:45,6:45,FALSE
40000010,Local,B5,6:49,6:49,FALSE
40000010,Local,B6,6:51,6:51,FALSE
40000010,Local,B7,6:55,6:55,FALSE
40000010,Local,B8,6:57,6:57,TRUE
40000010,Local,B9,7:01,7:01,FALSE
40000011,Local,B1,6:37,6:37,FALSE
40000011,Local,B2,6:39,6:39,TRUE
40000011,Local,B3,6:45,6:45,FALSE
40000011,Local,B4,6:50,6:50,FALSE
40000011,Local,B5,6:54,6:54,FALSE
40000011,Local,B6,6:56,6:56,FALSE
40000011,Local,B7,7:00,7:00,FALSE
40000011,Local,B8,7:02,7:02,TRUE
40000011,Local,B9,7:06,7:06,FALSE
40000012,Local,B1,6:42,6:42,FALSE
40000012,Local,B2,6:44,6:44,TRUE
40000012,Local,B3,6:50,6:50,FALSE
40000012,Local,B4,6:55,6:55,FALSE
40000012,Local,B5,6:59,6:59,FALSE
40000012,Local,B6,7:01,7:01,FALSE
40000012,Local,B7,7:05,7:05,FALSE
40000012,Local,B8,7:07,7:07,TRUE
40000012,Local,B9,7:11,7:11,FALSE
40000013,Local,B1,6:47,6:47,FALSE
40000013,Local,B2,6:49,6:49,TRUE
40000013,Local,B3,6:55,6:55,FALSE
40000013,Local,B4,7:00,7:00,FALSE
40000013,Local,B5,7:04,7:04,FALSE
40000013,Local,B6,7:06,7:06,FALSE
40000013,Local,B7,7:10,7:10,FALSE
40000013,Local,B8,7:12,7:12,TRUE
40000013,Local,B9,7:16,7:16,FALSE
40000014,Local,B1,6:52,6:52,FALSE
40000014,Local,B2,6:54,6:54,TRUE
40000014,Local,B3,7:00,7:00,FALSE
40000014,Local,B4,7:05,7:05,FALSE
40000014,Local,B5,7:09,7:09,FALSE
40000014,Local,B6,7:11,7:11,FALSE
40000014,Local,B7,7:15,7:15,FALSE
40000014,Local,B8,7:17,7:17,TRUE
40000014,Local,B9,7:21,7:21,FALSE
40000015,Local,B1,6:57,6:57,FALSE
40000015,Local,B2,6:59,6:59,TRUE
40000015,Local,B3,7:05,7:05,FALSE
40000015,Local,B4,7:10,7:10,FALSE
40000015,Local,B5,7:14,7:14,FALSE
40000015,Local,B6,7:16,7:16,FALSE
40000015,Local,B7,7:20,7:20,FALSE
40000015,Local,B8,7:22,7:22,TRUE
40000015,Local,B9,7:26,7:26,FALSE
40000016,Local,B1,7:02,7:02,FALSE
40000016,Local,B2,7:04,7:04,TRUE
40000016,Local,B3,7:10,7:10,FALSE
40000016,Local,B4,7:15,7:15,FALSE
40000016,Local,B5,7:19,7:19,FALSE
40000016,Local,B6,7:21,7:21,FALSE
40000016,Local,B7,7:25,7:25,FALSE
40000016,Local,B8,7:27,7:27,TRUE
40000016,Local,B9,7:31,7:31,FALSE
40000017,Local,B1,7:07,7:07,FALSE
40000017,Local,B2,7:09,7:09,TRUE
40000017,Local,B3,7:15,7:15,FALSE
40000017,Local,B4,7:20,7:20,FALSE
40000017,Local,B5,7:24,7:24,FALSE
40000017,Local,B6,7:26,7:26,FALSE
40000017,Local,B7,7:30,7:30,FALSE
40000017,Local,B8,7:32,7:32,TRUE
40000017,Local,B9,7:36,7:36,FALSE
40000018,Local,B1,7:12,7:12,FALSE
40000018,Local,B2,7:14,7:14,TRUE
40000018,Local,B3,7:20,7:20,FALSE
40000018,Local,B4,7:25,7:25,FALSE
40000018,Local,B5,7:29,7:29,FALSE
40000018,Local,B6,7:31,7:31,FALSE
40000018,Local,B7,7:35,7:35,FALSE
40000018,Local,B8,7:37,7:37,TRUE
40000018,Local,B9,7:41,7:41,FALSE
40000019,Local,B1,7:17,7:17,FALSE
40000019,Local,B2,7:19,7:19,TRUE
40000019,Local,B3,7:25,7:25,FALSE
40000019,Local,B4,7:30,7:30,FALSE
40000019,Local,B5,7:34,7:34,FALSE
40000019,Local,B6,7:36,7:36,FALSE
40000019,Local,B7,7:40,7:40,FALSE
40000019,Local,B8,7:42,7:42,TRUE
40000019,Local,B9,7:46,7:46,FALSE
40000020,Local,B1,7:22,7:22,FALSE
40000020,Local,B2,7:24,7:24,TRUE
40000020,Local,B3,7:30,7:30,FALSE
40000020,Local,B4,7:35,7:35,FALSE
40000020,Local,B5,7:39,7:39,FALSE
40000020,Local,B6,7:41,7:41,FALSE
40000020,Local,B7,7:45,7:45,FALSE
40000020,Local,B8,7:47,7:47,TRUE
40000020,Local,B9,7:51,7:51,FALSE
40000021,Local,B1,7:25,7:25,FALSE
40000021,Local,B2,7:27,7:27,TRUE
40000021,Local,B3,7:33,7:33,FALSE
40000021,Local,B4,7:38,7:38,FALSE
40000021,Local,B5,7:42,7:42,FALSE
40000021,Local,B6,7:44,7:44,FALSE
40000021,Local,B7,7:48,7:48,FALSE
40000021,Local,B8,7:50,7:50,TRUE
40000021,Local,B9,7:54,7:54,FALSE
40000022,Local,B1,7:28,7:28,FALSE
40000022,Local,B2,7:30,7:30,TRUE
40000022,Local,B3,7:36,7:36,FALSE
40000022,Local,B4,7:41,7:41,FALSE
40000022,Local,B5,7:45,7:45,FALSE
40000022,Local,B6,7:47,7:47,FALSE
40000022,Local,B7,7:51,7:51,FALSE
40000022,Local,B8,7:53,7:53,TRUE
40000022,Local,B9,7:57,7:57,FALSE
40000023,Local,B1,7:31,7:31,FALSE
40000023,Local,B2,7:33,7:33,TRUE
40000023,Local,B3,7:39,7:39,FALSE
40000023,Local,B4,7:44,7:44,FALSE
40000023,Local,B5,7:48,7:48,FALSE
40000023,Local,B6,7:50,7:50,FALSE
40000023,Local,B7,7:54,7:54,FALSE
40000023,Local,B8,7:56,7:56,TRUE
40000023,Local,B9,8:00,8:00,FALSE
40000024,Local,B1,7:34,7:34,FALSE
40000024,Local,B2,7:36,7:36,TRUE
40000024,Local,B3,7:42,7:42,FALSE
40000024,Local,B4,7:47,7:47,FALSE
40000024,Local,B5,7:51,7:51,FALSE
40000024,Local,B6,7:53,7:53,FALSE
40000024,Local,B7,7:57,7:57,FALSE
40000024,Local,B8,7:59,7:59,TRUE
40000024,Local,B9,8:03,8:03,FALSE
40000025,Local,B1,7:37,7:37,FALSE
40000025,Local,B2,7:39,7:39,TRUE
40000025,Local,B3,7:45,7:45,FALSE
40000025,Local,B4,7:50,7:50,FALSE
40000025,Local,B5,7:54,7:54,FALSE
40000025,Local,B6,7:56,7:56,FALSE
40000025,Local,B7,8:00,8:00,FALSE
40000025,Local,B8,8:02,8:02,TRUE
40000025,Local,B9,8:06,8:06,FALSE
40000026,Local,B1,7:40,7:40,FALSE
40000026,Local,B2,7:42,7:42,TRUE
40000026,Local,B3,7:48,7:48,FALSE
40000026,Local,B4,7:53,7:53,FALSE
40000026,Local,B5,7:57,7:57,FALSE
40000026,Local,B6,7:59,7:59,FALSE
40000026,Local,B7,8:03,8:03,FALSE
40000026,Local,B8,8:05,8:05,TRUE
40000026,Local,B9,8:09,8:09,FALSE
40000027,Local,B1,7:43,7:43,FALSE
40000027,Local,B2,7:45,7:45,TRUE
40000027,Local,B3,7:51,7:51,FALSE
40000027,Local,B4,7:56,7:56,FALSE
40000027,Local,B5,8:00,8:00,FALSE
40000027,Local,B6,8:02,8:02,FALSE
40000027,Local,B7,8:06,8:06,FALSE
40000027,Local,B8,8:08,8:08,TRUE
40000027,Local,B9,8:12,8:12,FALSE
40000028,Local,B1,7:46,7:46,FALSE
40000028,Local,B2,7:48,7:48,TRUE
40000028,Local,B3,7:54,7:54,FALSE
40000028,Local,B4,7:59,7:59,FALSE
40000028,Local,B5,8:03,8:03,FALSE
40000028,Local,B6,8:05,8:05,FALSE
40000028,Local,B7,8:09,8:09,FALSE
40000028,Local,B8,8:11,8:11,TRUE
40000028,Local,B9,8:15,8:15,FALSE
40000029,Local,B1,7:49,7:49,FALSE
40000029,Local,B2,7:51,7:51,TRUE
40000029,Local,B3,7:57,7:57,FALSE
40000029,Local,B4,8:02,8:02,FALSE
40000029,Local,B5,8:06,8:06,FALSE
40000029,Local,B6,8:08,8:08,FALSE
40000029,Local,B7,8:12,8:12,FALSE
40000029,Local,B8,8:14,8:14,TRUE
40000029,Local,B9,8:18,8:18,FALSE
40000030,Local,B1,7:52,7:52,FALSE
40000030,Local,B2,7:54,7:54,TRUE
40000030,Local,B3,8:00,8:00,FALSE
40000030,Local,B4,8:05,8:05,FALSE
40000030,Local,B5,8:09,8:09,FALSE
40000030,Local,B6,8:11,8:11,FALSE
40000030,Local,B7,8:15,8:15,FALSE
40000030,Local,B8,8:17,8:17,TRUE
40000030,Local,B9,8:21,8:21,FALSE
40000031,Local,B1,7:55,7:55,FALSE
40000031,Local,B2,7:57,7:57,TRUE
40000031,Local,B3,8:03,8:03,FALSE
40000031,Local,B4,8:08,8:08,FALSE
40000031,Local,B5,8:12,8:12,FALSE
40000031,Local,B6,8:14,8:14,FALSE
40000031,Local,B7,8:18,8:18,FALSE
40000031,Local,B8,8:20,8:20,TRUE
40000031,Local,B9,8:24,8:24,FALSE
40000032,Local,B1,7:58,7:58,FALSE
40000032,Local,B2,8:00,8:00,TRUE
40000032,Local,B3,8:06,8:06,FALSE
40000032,Local,B4,8:11,8:11,FALSE
40000032,Local,B5,8:15,8:15,FALSE
40000032,Local,B6,8:17,8:17,FALSE
40000032,Local,B7,8:21,8:21,FALSE
40000032,Local,B8,8:23,8:23,TRUE
40000032,Local,B9,8:27,8:27,FALSE
40000033,Local,B1,8:01,8:01,FALSE
40000033,Local,B2,8:03,8:03,TRUE
40000033,Local,B3,8:09,8:09,FALSE
40000033,Local,B4,8:14,8:14,FALSE
40000033,Local,B5,8:18,8:18,FALSE
40000033,Local,B6,8:20,8:20,FALSE
40000033,Local,B7,8:24,8:24,FALSE
40000033,Local,B8,8:26,8:26,TRUE
40000033,Local,B9,8:30,8:30,FALSE
40000034,Local,B1,8:04,8:04,FALSE
40000034,Local,B2,8:06,8:06,TRUE
40000034,Local,B3,8:12,8:12,FALSE
40000034,Local,B4,8:17,8:17,FALSE
40000034,Local,B5,8:21,8:21,FALSE
40000034,Local,B6,8:23,8:23,FALSE
40000034,Local,B7,8:27,8:27,FALSE
40000034,Local,B8,8:29,8:29,TRUE
40000034,Local,B9,8:33,8:33,FALSE
40000035,Local,B1,8:07,8:07,FALSE
40000035,Local,B2,8:09,8:09,TRUE
40000035,Local,B3,8:15,8:15,FALSE
40000035,Local,B4,8:20,8:20,FALSE
40000035,Local,B5,8:24,8:24,FALSE
40000035,Local,B6,8:26,8:26,FALSE
40000035,Local,B7,8:30,8:30,FALSE
40000035,Local,B8,8:32,8:32,TRUE
40000035,Local,B9,8:36,8:36,FALSE
40000036,Local,B1,8:10,8:10,FALSE
40000036,Local,B2,8:12,8:12,TRUE
40000036,Local,B3,8:18,8:18,FALSE
40000036,Local,B4,8:23,8:23,FALSE
40000036,Local,B5,8:27,8:27,FALSE
40000036,Local,B6,8:29,8:29,FALSE
40000036,Local,B7,8:33,8:33,FALSE
40000036,Local,B8,8:35,8:35,TRUE
40000036,Local,B9,8:39,8:39,FALSE
40000037,Local,B1,8:13,8:13,FALSE
40000037,Local,B2,8:15,8:15,TRUE
40000037,Local,B3,8:21,8:21,FALSE
40000037,Local,B4,8:26,8:26,FALSE
40000037,Local,B5,8:30,8:30,FALSE
40000037,Local,B6,8:32,8:32,FALSE
40000037,Local,B7,8:36,8:36,FALSE
40000037,Local,B8,8:38,8:38,TRUE
40000037,Local,B9,8:42,8:42,FALSE
40000038,Local,B1,8:16,8:16,FALSE
40000038,Local,B2,8:18,8:18,TRUE
40000038,Local,B3,8:24,8:24,FALSE
40000038,Local,B4,8:29,8:29,FALSE
40000038,Local,B5,8:33,8:33,FALSE
40000038,Local,B6,8:35,8:35,FALSE
40000038,Local,B7,8:39,8:39,FALSE
40000038,Local,B8,8:41,8:41,TRUE
40000038,Local,B9,8:45,8:45,FALSE
40000039,Local,B1,8:19,8:19,FALSE
40000039,Local,B2,8:21,8:21,TRUE
40000039,Local,B3,8:27,8:27,FALSE
40000039,Local,B4,8:32,8:32,FALSE
40000039,Local,B5,8:36,8:36,FALSE
40000039,Local,B6,8:38,8:38,FALSE
40000039,Local,B7,8:42,8:42,FALSE
40000039,Local,B8,8:44,8:44,TRUE
40000039,Local,B9,8:48,8:48,FALSE
40000040,Local,B1,8:22,8:22,FALSE
40000040,Local,B2,8:24,8:24,TRUE
40000040,Local,B3,8:30,8:30,FALSE
40000040,Local,B4,8:35,8:35,FALSE
40000040,Local,B5,8:39,8:39,FALSE
40000040,Local,B6,8:41,8:41,FALSE
40000040,Local,B7,8:45,8:45,FALSE
40000040,Local,B8,8:47,8:47,TRUE
40000040,Local,B9,8:51,8:51,FALSE
40000041,Local,B1,8:25,8:25,FALSE
40000041,Local,B2,8:27,8:27,TRUE
40000041,Local,B3,8:33,8:33,FALSE
40000041,Local,B4,8:38,8:38,FALSE
40000041,Local,B5,8:42,8:42,FALSE
40000041,Local,B6,8:44,8:44,FALSE
40000041,Local,B7,8:48,8:48,FALSE
40000041,Local,B8,8:50,8:50,TRUE
40000041,Local,B9,8:54,8:54,FALSE
40000042,Local,B1,8:28,8:28,FALSE
40000042,Local,B2,8:30,8:30,TRUE
40000042,Local,B3,8:36,8:36,FALSE
40000042,Local,B4,8:41,8:41,FALSE
40000042,Local,B5,8:45,8:45,FALSE
40000042,Local,B6,8:47,8:47,FALSE
40000042,Local,B7,8:51,8:51,FALSE
40000042,Local,B8,8:53,8:53,TRUE
40000042,Local,B9,8:57,8:57,FALSE
40000043,Local,B1,8:31,8:31,FALSE
40000043,Local,B2,8:33,8:33,TRUE
40000043,Local,B3,8:39,8:39,FALSE
40000043,Local,B4,8:44,8:44,FALSE
40000043,Local,B5,8:48,8:48,FALSE
40000043,Local,B6,8:50,8:50,FALSE
40000043,Local,B7,8:54,8:54,FALSE
40000043,Local,B8,8:56,8:56,TRUE
40000043,Local,B9,9:00,9:00,FALSE
40000044,Local,B1,8:34,8:34,FALSE
40000044,Local,B2,8:36,8:36,TRUE
40000044,Local,B3,8:42,8:42,FALSE
40000044,Local,B4,8:47,8:47,FALSE
40000044,Local,B5,8:51,8:51,FALSE
40000044,Local,B6,8:53,8:53,FALSE
40000044,Local,B7,8:57,8:57,FALSE
40000044,Local,B8,8:59,8:59,TRUE
40000044,Local,B9,9:03,9:03,FALSE
40000045,Local,B1,8:37,8:37,FALSE
40000045,Local,B2,8:39,8:39,TRUE
40000045,Local,B3,8:45,8:45,FALSE
40000045,Local,B4,8:50,8:50,FALSE
40000045,Local,B5,8:54,8:54,FALSE
40000045,Local,B6,8:56,8:56,FALSE
40000045,Local,B7,9:00,9:00,FALSE
40000045,Local,B8,9:02,9:02,TRUE
40000045,Local,B9,9:06,9:06,FALSE
40000046,Local,B1,8:40,8:40,FALSE
40000046,Local,B2,8:42,8:42,TRUE
40000046,Local,B3,8:48,8:48,FALSE
40000046,Local,B4,8:53,8:53,FALSE
40000046,Local,B5,8:57,8:57,FALSE
40000046,Local,B6,8:59,8:59,FALSE
40000046,Local,B7,9:03,9:03,FALSE
40000046,Local,B8,9:05,9:05,TRUE
40000046,Local,B9,9:09,9:09,FALSE
40000047,Local,B1,8:43,8:43,FALSE
40000047,Local,B2,8:45,8:45,TRUE
40000047,Local,B3,8:51,8:51,FALSE
40000047,Local,B4,8:56,8:56,FALSE
40000047,Local,B5,9:00,9:00,FALSE
40000047,Local,B6,9:02,9:02,FALSE
40000047,Local,B7,9:06,9:06,FALSE
40000047,Local,B8,9:08,9:08,TRUE
40000047,Local,B9,9:12,9:12,FALSE
40000048,Local,B1,8:46,8:46,FALSE
40000048,Local,B2,8:48,8:48,TRUE
40000048,Local,B3,8:54,8:54,FALSE
40000048,Local,B4,8:59,8:59,FALSE
40000048,Local,B5,9:03,9:03,FALSE
40000048,Local,B6,9:05,9:05,FALSE
40000048,Local,B7,9:09,9:09,FALSE
40000048,Local,B8,9:11,9:11,TRUE
40000048,Local,B9,9:15,9:15,FALSE
40000049,Local,B1,8:49,8:49,FALSE
40000049,Local,B2,8:51,8:51,TRUE
40000049,Local,B3,8:57,8:57,FALSE
40000049,Local,B4,9:02,9:02,FALSE
40000049,Local,B5,9:06,9:06,FALSE
40000049,Local,B6,9:08,9:08,FALSE
40000049,Local,B7,9:12,9:12,FALSE
40000049,Local,B8,9:14,9:14,TRUE
40000049,Local,B9,9:18,9:18,FALSE
40000050,Local,B1,8:52,8:52,FALSE
40000050,Local,B2,8:54,8:54,TRUE
40000050,Local,B3,9:00,9:00,FALSE
40000050,Local,B4,9:05,9:05,FALSE
40000050,Local,B5,9:09,9:09,FALSE
40000050,Local,B6,9:11,9:11,FALSE
40000050,Local,B7,9:15,9:15,FALSE
40000050,Local,B8,9:17,9:17,TRUE
40000050,Local,B9,9:21,9:21,FALSE
40000051,Local,B1,8:57,8:57,FALSE
40000051,Local,B2,8:59,8:59,TRUE
40000051,Local,B3,9:05,9:05,FALSE
40000051,Local,B4,9:10,9:10,FALSE
40000051,Local,B5,9:14,9:14,FALSE
40000051,Local,B6,9:16,9:16,FALSE
40000051,Local,B7,9:20,9:20,FALSE
40000051,Local,B8,9:22,9:22,TRUE
40000051,Local,B9,9:26,9:26,FALSE
40000052,Local,B1,9:02,9:02,FALSE
40000052,Local,B2,9:04,9:04,TRUE
40000052,Local,B3,9:10,9:10,FALSE
40000052,Local,B4,9:15,9:15,FALSE
40000052,Local,B5,9:19,9:19,FALSE
40000052,Local,B6,9:21,9:21,FALSE
40000052,Local,B7,9:25,9:25,FALSE
40000052,Local,B8,9:27,9:27,TRUE
40000052,Local,B9,9:31,9:31,FALSE
40000053,Local,B1,9:07,9:07,FALSE
40000053,Local,B2,9:09,9:09,TRUE
40000053,Local,B3,9:15,9:15,FALSE
40000053,Local,B4,9:20,9:20,FALSE
40000053,Local,B5,9:24,9:24,FALSE
40000053,Local,B6,9:26,9:26,FALSE
40000053,Local,B7,9:30,9:30,FALSE
40000053,Local,B8,9:32,9:32,TRUE
40000053,Local,B9,9:36,9:36,FALSE
40000054,Local,B1,9:12,9:12,FALSE
40000054,Local,B2,9:14,9:14,TRUE
40000054,Local,B3,9:20,9:20,FALSE
40000054,Local,B4,9:25,9:25,FALSE
40000054,Local,B5,9:29,9:29,FALSE
40000054,Local,B6,9:31,9:31,FALSE
40000054,Local,B7,9:35,9:35,FALSE
40000054,Local,B8,9:37,9:37,TRUE
40000054,Local,B9,9:41,9:41,FALSE
40000055,Local,B1,9:17,9:17,FALSE
40000055,Local,B2,9:19,9:19,TRUE
40000055,Local,B3,9:25,9:25,FALSE
40000055,Local,B4,9:30,9:30,FALSE
40000055,Local,B5,9:34,9:34,FALSE
40000055,Local,B6,9:36,9:36,FALSE
40000055,Local,B7,9:40,9:40,FALSE
40000055,Local,B8,9:42,9:42,TRUE
40000055,Local,B9,9:46,9:46,FALSE
40000056,Local,B1,9:22,9:22,FALSE
40000056,Local,B2,9:24,9:24,TRUE
40000056,Local,B3,9:30,9:30,FALSE
40000056,Local,B4,9:35,9:35,FALSE
40000056,Local,B5,9:39,9:39,FALSE
40000056,Local,B6,9:41,9:41,FALSE
40000056,Local,B7,9:45,9:45,FALSE
40000056,Local,B8,9:47,9:47,TRUE
40000056,Local,B9,9:51,9:51,FALSE
40000057,Local,B1,9:27,9:27,FALSE
40000057,Local,B2,9:29,9:29,TRUE
40000057,Local,B3,9:35,9:35,FALSE
40000057,Local,B4,9:40,9:40,FALSE
40000057,Local,B5,9:44,9:44,FALSE
40000057,Local,B6,9:46,9:46,FALSE
40000057,Local,B7,9:50,9:50,FALSE
40000057,Local,B8,9:52,9:52,TRUE
40000057,Local,B9,9:56,9:56,FALSE
40000058,Local,B1,9:32,9:32,FALSE
40000058,Local,B2,9:34,9:34,TRUE
40000058,Local,B3,9:40,9:40,FALSE
40000058,Local,B4,9:45,9:45,FALSE
40000058,Local,B5,9:49,9:49,FALSE
40000058,Local,B6,9:51,9:51,FALSE
40000058,Local,B7,9:55,9:55,FALSE
40000058,Local,B8,9:57,9:57,TRUE
40000058,Local,B9,10:01,10:01,FALSE
40000059,Local,B1,9:37,9:37,FALSE
40000059,Local,B2,9:39,9:39,TRUE
40000059,Local,B3,9:45,9:45,FALSE
40000059,Local,B4,9:50,9:50,FALSE
40000059,Local,B5,9:54,9:54,FALSE
40000059,Local,B6,9:56,9:56,FALSE
40000059,Local,B7,10:00,10:00,FALSE
40000059,Local,B8,10:02,10:02,TRUE
40000059,Local,B9,10:06,10:06,FALSE
40000060,Local,B1,9:45,9:45,FALSE
40000060,Local,B2,9:47,9:47,TRUE
40000060,Local,B3,9:53,9:53,FALSE
40000060,Local,B4,9:58,9:58,FALSE
40000060,Local,B5,10:02,10:02,FALSE
40000060,Local,B6,10:04,10:04,FALSE
40000060,Local,B7,10:08,10:08,FALSE
40000060,Local,B8,10:10,10:10,TRUE
40000060,Local,B9,10:14,10:14,FALSE
40000061,Local,B1,9:53,9:53,FALSE
40000061,Local,B2,9:55,9:55,TRUE
40000061,Local,B3,10:01,10:01,FALSE
40000061,Local,B4,10:06,10:06,FALSE
40000061,Local,B5,10:10,10:10,FALSE
40000061,Local,B6,10:12,10:12,FALSE
40000061,Local,B7,10:16,10:16,FALSE
40000061,Local,B8,10:18,10:18,TRUE
40000061,Local,B9,10:22,10:22,FALSE
40000062,Local,B1,10:01,10:01,FALSE
40000062,Local,B2,10:03,10:03,TRUE
40000062,Local,B3,10:09,10:09,FALSE
40000062,Local,B4,10:14,10:14,FALSE
40000062,Local,B5,10:18,10:18,FALSE
40000062,Local,B6,10:20,10:20,FALSE
40000062,Local,B7,10:24,10:24,FALSE
40000062,Local,B8,10:26,10:26,TRUE
40000062,Local,B9,10:30,10:30,FALSE
40000063,Local,B1,10:09,10:09,FALSE
40000063,Local,B2,10:11,10:11,TRUE
40000063,Local,B3,10:17,10:17,FALSE
40000063,Local,B4,10:22,10:22,FALSE
40000063,Local,B5,10:26,10:26,FALSE
40000063,Local,B6,10:28,10:28,FALSE
40000063,Local,B7,10:32,10:32,FALSE
40000063,Local,B8,10:34,10:34,TRUE
40000063,Local,B9,10:38,10:38,FALSE
40000064,Local,B1,10:17,10:17,FALSE
40000064,Local,B2,10:19,10:19,TRUE
40000064,Local,B3,10:25,10:25,FALSE
40000064,Local,B4,10:30,10:30,FALSE
40000064,Local,B5,10:34,10:34,FALSE
40000064,Local,B6,10:36,10:36,FALSE
40000064,Local,B7,10:40,10:40,FALSE
40000064,Local,B8,10:42,10:42,TRUE
40000064,Local,B9,10:46,10:46,FALSE
40000065,Local,B1,10:25,10:25,FALSE
40000065,Local,B2,10:27,10:27,TRUE
40000065,Local,B3,10:33,10:33,FALSE
40000065,Local,B4,10:38,10:38,FALSE
40000065,Local,B5,10:42,10:42,FALSE
40000065,Local,B6,10:44,10:44,FALSE
40000065,Local,B7,10:48,10:48,FALSE
40000065,Local,B8,10:50,10:50,TRUE
40000065,Local,B9,10:54,10:54,FALSE
40000066,Local,B1,10:33,10:33,FALSE
40000066,Local,B2,10:35,10:35,TRUE
40000066,Local,B3,10:41,10:41,FALSE
40000066,Local,B4,10:46,10:46,FALSE
40000066,Local,B5,10:50,10:50,FALSE
40000066,Local,B6,10:52,10:52,FALSE
40000066,Local,B7,10:56,10:56,FALSE
40000066,Local,B8,10:58,10:58,TRUE
40000066,Local,B9,11:02,11:02,FALSE
40000067,Local,B1,10:41,10:41,FALSE
40000067,Local,B2,10:43,10:43,TRUE
40000067,Local,B3,10:49,10:49,FALSE
40000067,Local,B4,10:54,10:54,FALSE
40000067,Local,B5,10:58,10:58,FALSE
40000067,Local,B6,11:00,11:00,FALSE
40000067,Local,B7,11:04,11:04,FALSE
40000067,Local,B8,11:06,11:06,TRUE
40000067,Local,B9,11:10,11:10,FALSE
40000068,Local,B1,10:49,10:49,FALSE
40000068,Local,B2,10:51,10:51,TRUE
40000068,Local,B3,10:57,10:57,FALSE
40000068,Local,B4,11:02,11:02,FALSE
40000068,Local,B5,11:06,11:06,FALSE
40000068,Local,B6,11:08,11:08,FALSE
40000068,Local,B7,11:12,11:12,FALSE
40000068,Local,B8,11:14,11:14,TRUE
40000068,Local,B9,11:18,11:18,FALSE
40000069,Local,B1,10:57,10:57,FALSE
40000069,Local,B2,10:59,10:59,TRUE
40000069,Local,B3,11:05,11:05,FALSE
40000069,Local,B4,11:10,11:10,FALSE
40000069,Local,B5,11:14,11:14,FALSE
40000069,Local,B6,11:16,11:16,FALSE
40000069,Local,B7,11:20,11:20,FALSE
40000069,Local,B8,11:22,11:22,TRUE
40000069,Local,B9,11:26,11:26,FALSE
40000070,Local,B1,11:05,11:05,FALSE
40000070,Local,B2,11:07,11:07,TRUE
40000070,Local,B3,11:13,11:13,FALSE
40000070,Local,B4,11:18,11:18,FALSE
40000070,Local,B5,11:22,11:22,FALSE
40000070,Local,B6,11:24,11:24,FALSE
40000070,Local,B7,11:28,11:28,FALSE
40000070,Local,B8,11:30,11:30,TRUE
40000070,Local,B9,11:34,11:34,FALSE
40000071,Local,B1,11:13,11:13,FALSE
40000071,Local,B2,11:15,11:15,TRUE
40000071,Local,B3,11:21,11:21,FALSE
40000071,Local,B4,11:26,11:26,FALSE
40000071,Local,B5,11:30,11:30,FALSE
40000071,Local,B6,11:32,11:32,FALSE
40000071,Local,B7,11:36,11:36,FALSE
40000071,Local,B8,11:38,11:38,TRUE
40000071,Local,B9,11:42,11:42,FALSE
40000072,Local,B1,11:21,11:21,FALSE
40000072,Local,B2,11:23,11:23,TRUE
40000072,Local,B3,11:29,11:29,FALSE
40000072,Local,B4,11:34,11:34,FALSE
40000072,Local,B5,11:38,11:38,FALSE
40000072,Local,B6,11:40,11:40,FALSE
40000072,Local,B7,11:44,11:44,FALSE
40000072,Local,B8,11:46,11:46,TRUE
40000072,Local,B9,11:50,11:50,FALSE
40000073,Local,B1,11:29,11:29,FALSE
40000073,Local,B2,11:31,11:31,TRUE
40000073,Local,B3,11:37,11:37,FALSE
40000073,Local,B4,11:42,11:42,FALSE
40000073,Local,B5,11:46,11:46,FALSE
40000073,Local,B6,11:48,11:48,FALSE
40000073,Local,B7,11:52,11:52,FALSE
40000073,Local,B8,11:54,11:54,TRUE
40000073,Local,B9,11:58,11:58,FALSE
40000074,Local,B1,11:37,11:37,FALSE
40000074,Local,B2,11:39,11:39,TRUE
40000074,Local,B3,11:45,11:45,FALSE
40000074,Local,B4,11:50,11:50,FALSE
40000074,Local,B5,11:54,11:54,FALSE
40000074,Local,B6,11:56,11:56,FALSE
40000074,Local,B7,12:00,12:00,FALSE
40000074,Local,B8,12:02,12:02,TRUE
40000074,Local,B9,12:06,12:06,FALSE
40000075,Local,B1,11:45,11:45,FALSE
40000075,Local,B2,11:47,11:47,TRUE
40000075,Local,B3,11:53,11:53,FALSE
40000075,Local,B4,11:58,11:58,FALSE
40000075,Local,B5,12:02,12:02,FALSE
40000075,Local,B6,12:04,12:04,FALSE
40000075,Local,B7,12:08,12:08,FALSE
40000075,Local,B8,12:10,12:10,TRUE
40000075,Local,B9,12:14,12:14,FALSE
40000076,Local,B1,11:55,11:55,FALSE
40000076,Local,B2,11:57,11:57,TRUE
40000076,Local,B3,12:03,12:03,FALSE
40000076,Local,B4,12:08,12:08,FALSE
40000076,Local,B5,12:12,12:12,FALSE
40000076,Local,B6,12:14,12:14,FALSE
40000076,Local,B7,12:18,12:18,FALSE
40000076,Local,B8,12:20,12:20,TRUE
40000076,Local,B9,12:24,12:24,FALSE
40000077,Local,B1,12:05,12:05,FALSE
40000077,Local,B2,12:07,12:07,TRUE
40000077,Local,B3,12:13,12:13,FALSE
40000077,Local,B4,12:18,12:18,FALSE
40000077,Local,B5,12:22,12:22,FALSE
40000077,Local,B6,12:24,12:24,FALSE
40000077,Local,B7,12:28,12:28,FALSE
40000077,Local,B8,12:30,12:30,TRUE
40000077,Local,B9,12:34,12:34,FALSE
40000078,Local,B1,12:15,12:15,FALSE
40000078,Local,B2,12:17,12:17,TRUE
40000078,Local,B3,12:23,12:23,FALSE
40000078,Local,B4,12:28,12:28,FALSE
40000078,Local,B5,12:32,12:32,FALSE
40000078,Local,B6,12:34,12:34,FALSE
40000078,Local,B7,12:38,12:38,FALSE
40000078,Local,B8,12:40,12:40,TRUE
40000078,Local,B9,12:44,12:44,FALSE
40000079,Local,B1,12:25,12:25,FALSE
40000079,Local,B2,12:27,12:27,TRUE
40000079,Local,B3,12:33,12:33,FALSE
40000079,Local,B4,12:38,12:38,FALSE
40000079,Local,B5,12:42,12:42,FALSE
40000079,Local,B6,12:44,12:44,FALSE
40000079,Local,B7,12:48,12:48,FALSE
40000079,Local,B8,12:50,12:50,TRUE
40000079,Local,B9,12:54,12:54,FALSE
40000080,Local,B1,12:35,12:35,FALSE
40000080,Local,B2,12:37,12:37,TRUE
40000080,Local,B3,12:43,12:43,FALSE
40000080,Local,B4,12:48,12:48,FALSE
40000080,Local,B5,12:52,12:52,FALSE
40000080,Local,B6,12:54,12:54,FALSE
40000080,Local,B7,12:58,12:58,FALSE
40000080,Local,B8,13:00,13:00,TRUE
40000080,Local,B9,13:04,13:04,FALSE
40000081,Local,B1,12:45,12:45,FALSE
40000081,Local,B2,12:47,12:47,TRUE
40000081,Local,B3,12:53,12:53,FALSE
40000081,Local,B4,12:58,12:58,FALSE
40000081,Local,B5,13:02,13:02,FALSE
40000081,Local,B6,13:04,13:04,FALSE
40000081,Local,B7,13:08,13:08,FALSE
40000081,Local,B8,13:10,13:10,TRUE
40000081,Local,B9,13:14,13:14,FALSE
40000082,Local,B1,12:55,12:55,FALSE
40000082,Local,B2,12:57,12:57,TRUE
40000082,Local,B3,13:03,13:03,FALSE
40000082,Local,B4,13:08,13:08,FALSE
40000082,Local,B5,13:12,13:12,FALSE
40000082,Local,B6,13:14,13:14,FALSE
40000082,Local,B7,13:18,13:18,FALSE
40000082,Local,B8,13:20,13:20,TRUE
40000082,Local,B9,13:24,13:24,FALSE
40000083,Local,B1,13:05,13:05,FALSE
40000083,Local,B2,13:07,13:07,TRUE
40000083,Local,B3,13:13,13:13,FALSE
40000083,Local,B4,13:18,13:18,FALSE
40000083,Local,B5,13:22,13:22,FALSE
40000083,Local,B6,13:24,13:24,FALSE
40000083,Local,B7,13:28,13:28,FALSE
40000083,Local,B8,13:30,13:30,TRUE
40000083,Local,B9,13:34,13:34,FALSE
40000084,Local,B1,13:15,13:15,FALSE
40000084,Local,B2,13:17,13:17,TRUE
40000084,Local,B3,13:23,13:23,FALSE
40000084,Local,B4,13:28,13:28,FALSE
40000084,Local,B5,13:32,13:32,FALSE
40000084,Local,B6,13:34,13:34,FALSE
40000084,Local,B7,13:38,13:38,FALSE
40000084,Local,B8,13:40,13:40,TRUE
40000084,Local,B9,13:44,13:44,FALSE
40000085,Local,B1,13:25,13:25,FALSE
40000085,Local,B2,13:27,13:27,TRUE
40000085,Local,B3,13:33,13:33,FALSE
40000085,Local,B4,13:38,13:38,FALSE
40000085,Local,B5,13:42,13:42,FALSE
40000085,Local,B6,13:44,13:44,FALSE
40000085,Local,B7,13:48,13:48,FALSE
40000085,Local,B8,13:50,13:50,TRUE
40000085,Local,B9,13:54,13:54,FALSE
40000086,Local,B1,13:35,13:35,FALSE
40000086,Local,B2,13:37,13:37,TRUE
40000086,Local,B3,13:43,13:43,FALSE
40000086,Local,B4,13:48,13:48,FALSE
40000086,Local,B5,13:52,13:52,FALSE
40000086,Local,B6,13:54,13:54,FALSE
40000086,Local,B7,13:58,13:58,FALSE
40000086,Local,B8,14:00,14:00,TRUE
40000086,Local,B9,14:04,14:04,FALSE
40000087,Local,B1,13:45,13:45,FALSE
40000087,Local,B2,13:47,13:47,TRUE
40000087,Local,B3,13:53,13:53,FALSE
40000087,Local,B4,13:58,13:58,FALSE
40000087,Local,B5,14:02,14:02,FALSE
40000087,Local,B6,14:04,14:04,FALSE
40000087,Local,B7,14:08,14:08,FALSE
40000087,Local,B8,14:10,14:10,TRUE
40000087,Local,B9,14:14,14:14,FALSE
40000088,Local,B1,13:55,13:55,FALSE
40000088,Local,B2,13:57,13:57,TRUE
40000088,Local,B3,14:03,14:03,FALSE
40000088,Local,B4,14:08,14:08,FALSE
40000088,Local,B5,14:12,14:12,FALSE
40000088,Local,B6,14:14,14:14,FALSE
40000088,Local,B7,14:18,14:18,FALSE
40000088,Local,B8,14:20,14:20,TRUE
40000088,Local,B9,14:24,14:24,FALSE
40000089,Local,B1,14:05,14:05,FALSE
40000089,Local,B2,14:07,14:07,TRUE
40000089,Local,B3,14:13,14:13,FALSE
40000089,Local,B4,14:18,14:18,FALSE
40000089,Local,B5,14:22,14:22,FALSE
40000089,Local,B6,14:24,14:24,FALSE
40000089,Local,B7,14:28,14:28,FALSE
40000089,Local,B8,14:30,14:30,TRUE
40000089,Local,B9,14:34,14:34,FALSE
40000090,Local,B1,14:15,14:15,FALSE
40000090,Local,B2,14:17,14:17,TRUE
40000090,Local,B3,14:23,14:23,FALSE
40000090,Local,B4,14:28,14:28,FALSE
40000090,Local,B5,14:32,14:32,FALSE
40000090,Local,B6,14:34,14:34,FALSE
40000090,Local,B7,14:38,14:38,FALSE
40000090,Local,B8,14:40,14:40,TRUE
40000090,Local,B9,14:44,14:44,FALSE
40000091,Local,B1,14:25,14:25,FALSE
40000091,Local,B2,14:27,14:27,TRUE
40000091,Local,B3,14:33,14:33,FALSE
40000091,Local,B4,14:38,14:38,FALSE
40000091,Local,B5,14:42,14:42,FALSE
40000091,Local,B6,14:44,14:44,FALSE
40000091,Local,B7,14:48,14:48,FALSE
40000091,Local,B8,14:50,14:50,TRUE
40000091,Local,B9,14:54,14:54,FALSE
40000092,Local,B1,14:35,14:35,FALSE
40000092,Local,B2,14:37,14:37,TRUE
40000092,Local,B3,14:43,14:43,FALSE
40000092,Local,B4,14:48,14:48,FALSE
40000092,Local,B5,14:52,14:52,FALSE
40000092,Local,B6,14:54,14:54,FALSE
40000092,Local,B7,14:58,14:58,FALSE
40000092,Local,B8,15:00,15:00,TRUE
40000092,Local,B9,15:04,15:04,FALSE
40000093,Local,B1,14:45,14:45,FALSE
40000093,Local,B2,14:47,14:47,TRUE
40000093,Local,B3,14:53,14:53,FALSE
40000093,Local,B4,14:58,14:58,FALSE
40000093,Local,B5,15:02,15:02,FALSE
40000093,Local,B6,15:04,15:04,FALSE
40000093,Local,B7,15:08,15:08,FALSE
40000093,Local,B8,15:10,15:10,TRUE
40000093,Local,B9,15:14,15:14,FALSE
40000094,Local,B1,14:55,14:55,FALSE
40000094,Local,B2,14:57,14:57,TRUE
40000094,Local,B3,15:03,15:03,FALSE
40000094,Local,B4,15:08,15:08,FALSE
40000094,Local,B5,15:12,15:12,FALSE
40000094,Local,B6,15:14,15:14,FALSE
40000094,Local,B7,15:18,15:18,FALSE
40000094,Local,B8,15:20,15:20,TRUE
40000094,Local,B9,15:24,15:24,FALSE
40000095,Local,B1,15:05,15:05,FALSE
40000095,Local,B2,15:07,15:07,TRUE
40000095,Local,B3,15:13,15:13,FALSE
40000095,Local,B4,15:18,15:18,FALSE
40000095,Local,B5,15:22,15:22,FALSE
40000095,Local,B6,15:24,15:24,FALSE
40000095,Local,B7,15:28,15:28,FALSE
40000095,Local,B8,15:30,15:30,TRUE
40000095,Local,B9,15:34,15:34,FALSE
40000096,Local,B1,15:15,15:15,FALSE
40000096,Local,B2,15:17,15:17,TRUE
40000096,Local,B3,15:23,15:23,FALSE
40000096,Local,B4,15:28,15:28,FALSE
40000096,Local,B5,15:32,15:32,FALSE
40000096,Local,B6,15:34,15:34,FALSE
40000096,Local,B7,15:38,15:38,FALSE
40000096,Local,B8,15:40,15:40,TRUE
40000096,Local,B9,15:44,15:44,FALSE
40000097,Local,B1,15:25,15:25,FALSE
40000097,Local,B2,15:27,15:27,TRUE
40000097,Local,B3,15:33,15:33,FALSE
40000097,Local,B4,15:38,15:38,FALSE
40000097,Local,B5,15:42,15:42,FALSE
40000097,Local,B6,15:44,15:44,FALSE
40000097,Local,B7,15:48,15:48,FALSE
40000097,Local,B8,15:50,15:50,TRUE
40000097,Local,B9,15:54,15:54,FALSE
40000098,Local,B1,15:35,15:35,FALSE
40000098,Local,B2,15:37,15:37,TRUE
40000098,Local,B3,15:43,15:43,FALSE
40000098,Local,B4,15:48,15:48,FALSE
40000098,Local,B5,15:52,15:52,FALSE
40000098,Local,B6,15:54,15:54,FALSE
40000098,Local,B7,15:58,15:58,FALSE
40000098,Local,B8,16:00,16:00,TRUE
40000098,Local,B9,16:04,16:04,FALSE
40000099,Local,B1,15:45,15:45,FALSE
40000099,Local,B2,15:47,15:47,TRUE
40000099,Local,B3,15:53,15:53,FALSE
40000099,Local,B4,15:58,15:58,FALSE
40000099,Local,B5,16:02,16:02,FALSE
40000099,Local,B6,16:04,16:04,FALSE
40000099,Local,B7,16:08,16:08,FALSE
40000099,Local,B8,16:10,16:10,TRUE
40000099,Local,B9,16:14,16:14,FALSE
40000100,Local,B1,15:55,15:55,FALSE
40000100,Local,B2,15:57,15:57,TRUE
40000100,Local,B3,16:03,16:03,FALSE
40000100,Local,B4,16:08,16:08,FALSE
40000100,Local,B5,16:12,16:12,FALSE
40000100,Local,B6,16:14,16:14,FALSE
40000100,Local,B7,16:18,16:18,FALSE
40000100,Local,B8,16:20,16:20,TRUE
40000100,Local,B9,16:24,16:24,FALSE
40000101,Local,B1,16:05,16:05,FALSE
40000101,Local,B2,16:07,16:07,TRUE
40000101,Local,B3,16:13,16:13,FALSE
40000101,Local,B4,16:18,16:18,FALSE
40000101,Local,B5,16:22,16:22,FALSE
40000101,Local,B6,16:24,16:24,FALSE
40000101,Local,B7,16:28,16:28,FALSE
40000101,Local,B8,16:30,16:30,TRUE
40000101,Local,B9,16:32,16:32,FALSE
40000102,Local,B1,16:15,16:15,FALSE
40000102,Local,B2,16:15,16:15,TRUE
40000102,Local,B3,16:23,16:23,FALSE
40000102,Local,B4,16:26,16:26,FALSE
40000102,Local,B5,16:32,16:32,FALSE
40000102,Local,B6,16:32,16:32,FALSE
40000102,Local,B7,16:38,16:38,FALSE
40000102,Local,B8,16:38,16:38,TRUE
40000102,Local,B9,16:42,16:42,FALSE
40000103,Local,B1,16:23,16:23,FALSE
40000103,Local,B2,16:25,16:25,TRUE
40000103,Local,B3,16:31,16:31,FALSE
40000103,Local,B4,16:36,16:36,FALSE
40000103,Local,B5,16:40,16:40,FALSE
40000103,Local,B6,16:42,16:42,FALSE
40000103,Local,B7,16:46,16:46,FALSE
40000103,Local,B8,16:48,16:48,TRUE
40000103,Local,B9,16:50,16:50,FALSE
40000104,Local,B1,16:33,16:33,FALSE
40000104,Local,B2,16:33,16:33,TRUE
40000104,Local,B3,16:41,16:41,FALSE
40000104,Local,B4,16:44,16:44,FALSE
40000104,Local,B5,16:50,16:50,FALSE
40000104,Local,B6,16:50,16:50,FALSE
40000104,Local,B7,16:56,16:56,FALSE
40000104,Local,B8,16:56,16:56,TRUE
40000104,Local,B9,17:00,17:00,FALSE
40000105,Local,B1,16:41,16:41,FALSE
40000105,Local,B2,16:43,16:43,TRUE
40000105,Local,B3,16:49,16:49,FALSE
40000105,Local,B4,16:54,16:54,FALSE
40000105,Local,B5,16:58,16:58,FALSE
40000105,Local,B6,17:00,17:00,FALSE
40000105,Local,B7,17:04,17:04,FALSE
40000105,Local,B8,17:06,17:06,TRUE
40000105,Local,B9,17:08,17:08,FALSE
40000106,Local,B1,16:51,16:51,FALSE
40000106,Local,B2,16:51,16:51,TRUE
40000106,Local,B3,16:59,16:59,FALSE
40000106,Local,B4,17:02,17:02,FALSE
40000106,Local,B5,17:08,17:08,FALSE
40000106,Local,B6,17:08,17:08,FALSE
40000106,Local,B7,17:14,17:14,FALSE
40000106,Local,B8,17:14,17:14,TRUE
40000106,Local,B9,17:18,17:18,FALSE
40000107,Local,B1,16:59,16:59,FALSE
40000107,Local,B2,17:01,17:01,TRUE
40000107,Local,B3,17:07,17:07,FALSE
40000107,Local,B4,17:12,17:12,FALSE
40000107,Local,B5,17:16,17:16,FALSE
40000107,Local,B6,17:18,17:18,FALSE
40000107,Local,B7,17:22,17:22,FALSE
40000107,Local,B8,17:24,17:24,TRUE
40000107,Local,B9,17:26,17:26,FALSE
40000108,Local,B1,17:07,17:07,FALSE
40000108,Local,B2,17:09,17:09,TRUE
40000108,Local,B3,17:15,17:15,FALSE
40000108,Local,B4,17:20,17:20,FALSE
40000108,Local,B5,17:24,17:24,FALSE
40000108,Local,B6,17:26,17:26,FALSE
40000108,Local,B7,17:30,17:30,FALSE
40000108,Local,B8,17:32,17:32,TRUE
40000108,Local,B9,17:34,17:34,FALSE
40000109,Local,B1,17:15,17:15,FALSE
40000109,Local,B2,17:17,17:17,TRUE
40000109,Local,B3,17:23,17:23,FALSE
40000109,Local,B4,17:28,17:28,FALSE
40000109,Local,B5,17:32,17:32,FALSE
40000109,Local,B6,17:34,17:34,FALSE
40000109,Local,B7,17:38,17:38,FALSE
40000109,Local,B8,17:40,17:40,TRUE
40000109,Local,B9,17:42,17:42,FALSE
40000110,Local,B1,17:23,17:23,FALSE
40000110,Local,B2,17:25,17:25,TRUE
40000110,Local,B3,17:31,17:31,FALSE
40000110,Local,B4,17:36,17:36,FALSE
40000110,Local,B5,17:40,17:40,FALSE
40000110,Local,B6,17:42,17:42,FALSE
40000110,Local,B7,17:46,17:46,FALSE
40000110,Local,B8,17:48,17:48,TRUE
40000110,Local,B9,17:50,17:50,FALSE
40000111,Local,B1,17:28,17:28,FALSE
40000111,Local,B2,17:30,17:30,TRUE
40000111,Local,B3,17:36,17:36,FALSE
40000111,Local,B4,17:41,17:41,FALSE
40000111,Local,B5,17:45,17:45,FALSE
40000111,Local,B6,17:47,17:47,FALSE
40000111,Local,B7,17:51,17:51,FALSE
40000111,Local,B8,17:53,17:53,TRUE
40000111,Local,B9,17:55,17:55,FALSE
40000112,Local,B1,17:33,17:33,FALSE
40000112,Local,B2,17:35,17:35,TRUE
40000112,Local,B3,17:41,17:41,FALSE
40000112,Local,B4,17:46,17:46,FALSE
40000112,Local,B5,17:50,17:50,FALSE
40000112,Local,B6,17:52,17:52,FALSE
40000112,Local,B7,17:56,17:56,FALSE
40000112,Local,B8,17:58,17:58,TRUE
40000112,Local,B9,18:00,18:00,FALSE
40000113,Local,B1,17:38,17:38,FALSE
40000113,Local,B2,17:40,17:40,TRUE
40000113,Local,B3,17:46,17:46,FALSE
40000113,Local,B4,17:51,17:51,FALSE
40000113,Local,B5,17:55,17:55,FALSE
40000113,Local,B6,17:57,17:57,FALSE
40000113,Local,B7,18:01,18:01,FALSE
40000113,Local,B8,18:03,18:03,TRUE
40000113,Local,B9,18:05,18:05,FALSE
40000114,Local,B1,17:43,17:43,FALSE
40000114,Local,B2,17:45,17:45,TRUE
40000114,Local,B3,17:51,17:51,FALSE
40000114,Local,B4,17:56,17:56,FALSE
40000114,Local,B5,18:00,18:00,FALSE
40000114,Local,B6,18:02,18:02,FALSE
40000114,Local,B7,18:06,18:06,FALSE
40000114,Local,B8,18:08,18:08,TRUE
40000114,Local,B9,18:10,18:10,FALSE
40000115,Local,B1,17:48,17:48,FALSE
40000115,Local,B2,17:50,17:50,TRUE
40000115,Local,B3,17:56,17:56,FALSE
40000115,Local,B4,18:01,18:01,FALSE
40000115,Local,B5,18:05,18:05,FALSE
40000115,Local,B6,18:07,18:07,FALSE
40000115,Local,B7,18:11,18:11,FALSE
40000115,Local,B8,18:13,18:13,TRUE
40000115,Local,B9,18:15,18:15,FALSE
40000116,Local,B1,17:53,17:53,FALSE
40000116,Local,B2,17:55,17:55,TRUE
40000116,Local,B3,18:01,18:01,FALSE
40000116,Local,B4,18:06,18:06,FALSE
40000116,Local,B5,18:10,18:10,FALSE
40000116,Local,B6,18:12,18:12,FALSE
40000116,Local,B7,18:16,18:16,FALSE
40000116,Local,B8,18:18,18:18,TRUE
40000116,Local,B9,18:20,18:20,FALSE
40000117,Local,B1,17:58,17:58,FALSE
40000117,Local,B2,18:00,18:00,TRUE
40000117,Local,B3,18:06,18:06,FALSE
40000117,Local,B4,18:11,18:11,FALSE
40000117,Local,B5,18:15,18:15,FALSE
40000117,Local,B6,18:17,18:17,FALSE
40000117,Local,B7,18:21,18:21,FALSE
40000117,Local,B8,18:23,18:23,TRUE
40000117,Local,B9,18:25,18:25,FALSE
40000118,Local,B1,18:01,18:01,FALSE
40000118,Local,B2,18:03,18:03,TRUE
40000118,Local,B3,18:09,18:09,FALSE
40000118,Local,B4,18:14,18:14,FALSE
40000118,Local,B5,18:18,18:18,FALSE
40000118,Local,B6,18:20,18:20,FALSE
40000118,Local,B7,18:24,18:24,FALSE
40000118,Local,B8,18:26,18:26,TRUE
40000118,Local,B9,18:28,18:28,FALSE
40000119,Local,B1,18:04,18:04,FALSE
40000119,Local,B2,18:06,18:06,TRUE
40000119,Local,B3,18:12,18:12,FALSE
40000119,Local,B4,18:17,18:17,FALSE
40000119,Local,B5,18:21,18:21,FALSE
40000119,Local,B6,18:23,18:23,FALSE
40000119,Local,B7,18:27,18:27,FALSE
40000119,Local,B8,18:29,18:29,TRUE
40000119,Local,B9,18:31,18:31,FALSE
40000120,Local,B1,18:07,18:07,FALSE
40000120,Local,B2,18:09,18:09,TRUE
40000120,Local,B3,18:15,18:15,FALSE
40000120,Local,B4,18:20,18:20,FALSE
40000120,Local,B5,18:24,18:24,FALSE
40000120,Local,B6,18:26,18:26,FALSE
40000120,Local,B7,18:30,18:30,FALSE
40000120,Local,B8,18:32,18:32,TRUE
40000120,Local,B9,18:34,18:34,FALSE
40000121,Local,B1,18:10,18:10,FALSE
40000121,Local,B2,18:12,18:12,TRUE
40000121,Local,B3,18:18,18:18,FALSE
40000121,Local,B4,18:23,18:23,FALSE
40000121,Local,B5,18:27,18:27,FALSE
40000121,Local,B6,18:29,18:29,FALSE
40000121,Local,B7,18:33,18:33,FALSE
40000121,Local,B8,18:35,18:35,TRUE
40000121,Local,B9,18:37,18:37,FALSE
40000122,Local,B1,18:13,18:13,FALSE
40000122,Local,B2,18:15,18:15,TRUE
40000122,Local,B3,18:21,18:21,FALSE
40000122,Local,B4,18:26,18:26,FALSE
40000122,Local,B5,18:30,18:30,FALSE
40000122,Local,B6,18:32,18:32,FALSE
40000122,Local,B7,18:36,18:36,FALSE
40000122,Local,B8,18:38,18:38,TRUE
40000122,Local,B9,18:40,18:40,FALSE
40000123,Local,B1,18:16,18:16,FALSE
40000123,Local,B2,18:18,18:18,TRUE
40000123,Local,B3,18:24,18:24,FALSE
40000123,Local,B4,18:29,18:29,FALSE
40000123,Local,B5,18:33,18:33,FALSE
40000123,Local,B6,18:35,18:35,FALSE
40000123,Local,B7,18:39,18:39,FALSE
40000123,Local,B8,18:41,18:41,TRUE
40000123,Local,B9,18:43,18:43,FALSE
40000124,Local,B1,18:19,18:19,FALSE
40000124,Local,B2,18:21,18:21,TRUE
40000124,Local,B3,18:27,18:27,FALSE
40000124,Local,B4,18:32,18:32,FALSE
40000124,Local,B5,18:36,18:36,FALSE
40000124,Local,B6,18:38,18:38,FALSE
40000124,Local,B7,18:42,18:42,FALSE
40000124,Local,B8,18:44,18:44,TRUE
40000124,Local,B9,18:46,18:46,FALSE
40000125,Local,B1,18:22,18:22,FALSE
40000125,Local,B2,18:24,18:24,TRUE
40000125,Local,B3,18:30,18:30,FALSE
40000125,Local,B4,18:35,18:35,FALSE
40000125,Local,B5,18:39,18:39,FALSE
40000125,Local,B6,18:41,18:41,FALSE
40000125,Local,B7,18:45,18:45,FALSE
40000125,Local,B8,18:47,18:47,TRUE
40000125,Local,B9,18:49,18:49,FALSE
40000126,Local,B1,18:25,18:25,FALSE
40000126,Local,B2,18:27,18:27,TRUE
40000126,Local,B3,18:33,18:33,FALSE
40000126,Local,B4,18:38,18:38,FALSE
40000126,Local,B5,18:42,18:42,FALSE
40000126,Local,B6,18:44,18:44,FALSE
40000126,Local,B7,18:48,18:48,FALSE
40000126,Local,B8,18:50,18:50,TRUE
40000126,Local,B9,18:52,18:52,FALSE
40000127,Local,B1,18:28,18:28,FALSE
40000127,Local,B2,18:30,18:30,TRUE
40000127,Local,B3,18:36,18:36,FALSE
40000127,Local,B4,18:41,18:41,FALSE
40000127,Local,B5,18:45,18:45,FALSE
40000127,Local,B6,18:47,18:47,FALSE
40000127,Local,B7,18:51,18:51,FALSE
40000127,Local,B8,18:53,18:53,TRUE
40000127,Local,B9,18:55,18:55,FALSE
40000128,Local,B1,18:31,18:31,FALSE
40000128,Local,B2,18:33,18:33,TRUE
40000128,Local,B3,18:39,18:39,FALSE
40000128,Local,B4,18:44,18:44,FALSE
40000128,Local,B5,18:48,18:48,FALSE
40000128,Local,B6,18:50,18:50,FALSE
40000128,Local,B7,18:54,18:54,FALSE
40000128,Local,B8,18:56,18:56,TRUE
40000128,Local,B9,18:58,18:58,FALSE
40000129,Local,B1,18:34,18:34,FALSE
40000129,Local,B2,18:36,18:36,TRUE
40000129,Local,B3,18:42,18:42,FALSE
40000129,Local,B4,18:47,18:47,FALSE
40000129,Local,B5,18:51,18:51,FALSE
40000129,Local,B6,18:53,18:53,FALSE
40000129,Local,B7,18:57,18:57,FALSE
40000129,Local,B8,18:59,18:59,TRUE
40000129,Local,B9,19:01,19:01,FALSE
40000130,Local,B1,18:37,18:37,FALSE
40000130,Local,B2,18:39,18:39,TRUE
40000130,Local,B3,18:45,18:45,FALSE
40000130,Local,B4,18:50,18:50,FALSE
40000130,Local,B5,18:54,18:54,FALSE
40000130,Local,B6,18:56,18:56,FALSE
40000130,Local,B7,19:00,19:00,FALSE
40000130,Local,B8,19:02,19:02,TRUE
40000130,Local,B9,19:04,19:04,FALSE
40000131,Local,B1,18:40,18:40,FALSE
40000131,Local,B2,18:42,18:42,TRUE
40000131,Local,B3,18:48,18:48,FALSE
40000131,Local,B4,18:53,18:53,FALSE
40000131,Local,B5,18:57,18:57,FALSE
40000131,Local,B6,18:59,18:59,FALSE
40000131,Local,B7,19:03,19:03,FALSE
40000131,Local,B8,19:05,19:05,TRUE
40000131,Local,B9,19:07,19:07,FALSE
40000132,Local,B1,18:43,18:43,FALSE
40000132,Local,B2,18:45,18:45,TRUE
40000132,Local,B3,18:51,18:51,FALSE
40000132,Local,B4,18:56,18:56,FALSE
40000132,Local,B5,19:00,19:00,FALSE
40000132,Local,B6,19:02,19:02,FALSE
40000132,Local,B7,19:06,19:06,FALSE
40000132,Local,B8,19:08,19:08,TRUE
40000132,Local,B9,19:10,19:10,FALSE
40000133,Local,B1,18:46,18:46,FALSE
40000133,Local,B2,18:48,18:48,TRUE
40000133,Local,B3,18:54,18:54,FALSE
40000133,Local,B4,18:59,18:59,FALSE
40000133,Local,B5,19:03,19:03,FALSE
40000133,Local,B6,19:05,19:05,FALSE
40000133,Local,B7,19:09,19:09,FALSE
40000133,Local,B8,19:11,19:11,TRUE
40000133,Local,B9,19:13,19:13,FALSE
40000134,Local,B1,18:49,18:49,FALSE
40000134,Local,B2,18:51,18:51,TRUE
40000134,Local,B3,18:57,18:57,FALSE
40000134,Local,B4,19:02,19:02,FALSE
40000134,Local,B5,19:06,19:06,FALSE
40000134,Local,B6,19:08,19:08,FALSE
40000134,Local,B7,19:12,19:12,FALSE
40000134,Local,B8,19:14,19:14,TRUE
40000134,Local,B9,19:16,19:16,FALSE
40000135,Local,B1,18:52,18:52,FALSE
40000135,Local,B2,18:54,18:54,TRUE
40000135,Local,B3,19:00,19:00,FALSE
40000135,Local,B4,19:05,19:05,FALSE
40000135,Local,B5,19:09,19:09,FALSE
40000135,Local,B6,19:11,19:11,FALSE
40000135,Local,B7,19:15,19:15,FALSE
40000135,Local,B8,19:17,19:17,TRUE
40000135,Local,B9,19:19,19:19,FALSE
40000136,Local,B1,18:55,18:55,FALSE
40000136,Local,B2,18:57,18:57,TRUE
40000136,Local,B3,19:03,19:03,FALSE
40000136,Local,B4,19:08,19:08,FALSE
40000136,Local,B5,19:12,19:12,FALSE
40000136,Local,B6,19:14,19:14,FALSE
40000136,Local,B7,19:18,19:18,FALSE
40000136,Local,B8,19:20,19:20,TRUE
40000136,Local,B9,19:22,19:22,FALSE
40000137,Local,B1,18:58,18:58,FALSE
40000137,Local,B2,19:00,19:00,TRUE
40000137,Local,B3,19:06,19:06,FALSE
40000137,Local,B4,19:11,19:11,FALSE
40000137,Local,B5,19:15,19:15,FALSE
40000137,Local,B6,19:17,19:17,FALSE
40000137,Local,B7,19:21,19:21,FALSE
40000137,Local,B8,19:23,19:23,TRUE
40000137,Local,B9,19:25,19:25,FALSE
40000138,Local,B1,19:01,19:01,FALSE
40000138,Local,B2,19:03,19:03,TRUE
40000138,Local,B3,19:09,19:09,FALSE
40000138,Local,B4,19:14,19:14,FALSE
40000138,Local,B5,19:18,19:18,FALSE
40000138,Local,B6,19:20,19:20,FALSE
40000138,Local,B7,19:24,19:24,FALSE
40000138,Local,B8,19:26,19:26,TRUE
40000138,Local,B9,19:28,19:28,FALSE
40000139,Local,B1,19:04,19:04,FALSE
40000139,Local,B2,19:06,19:06,TRUE
40000139,Local,B3,19:12,19:12,FALSE
40000139,Local,B4,19:17,19:17,FALSE
40000139,Local,B5,19:21,19:21,FALSE
40000139,Local,B6,19:23,19:23,FALSE
40000139,Local,B7,19:27,19:27,FALSE
40000139,Local,B8,19:29,19:29,TRUE
40000139,Local,B9,19:31,19:31,FALSE
40000140,Local,B1,19:07,19:07,FALSE
40000140,Local,B2,19:09,19:09,TRUE
40000140,Local,B3,19:15,19:15,FALSE
40000140,Local,B4,19:20,19:20,FALSE
40000140,Local,B5,19:24,19:24,FALSE
40000140,Local,B6,19:26,19:26,FALSE
40000140,Local,B7,19:30,19:30,FALSE
40000140,Local,B8,19:32,19:32,TRUE
40000140,Local,B9,19:34,19:34,FALSE
40000141,Local,B1,19:10,19:10,FALSE
40000141,Local,B2,19:12,19:12,TRUE
40000141,Local,B3,19:18,19:18,FALSE
40000141,Local,B4,19:23,19:23,FALSE
40000141,Local,B5,19:27,19:27,FALSE
40000141,Local,B6,19:29,19:29,FALSE
40000141,Local,B7,19:33,19:33,FALSE
40000141,Local,B8,19:35,19:35,TRUE
40000141,Local,B9,19:37,19:37,FALSE
40000142,Local,B1,19:13,19:13,FALSE
40000142,Local,B2,19:15,19:15,TRUE
40000142,Local,B3,19:21,19:21,FALSE
40000142,Local,B4,19:26,19:26,FALSE
40000142,Local,B5,19:30,19:30,FALSE
40000142,Local,B6,19:32,19:32,FALSE
40000142,Local,B7,19:36,19:36,FALSE
40000142,Local,B8,19:38,19:38,TRUE
40000142,Local,B9,19:40,19:40,FALSE
40000143,Local,B1,19:16,19:16,FALSE
40000143,Local,B2,19:18,19:18,TRUE
40000143,Local,B3,19:24,19:24,FALSE
40000143,Local,B4,19:29,19:29,FALSE
40000143,Local,B5,19:33,19:33,FALSE
40000143,Local,B6,19:35,19:35,FALSE
40000143,Local,B7,19:39,19:39,FALSE
40000143,Local,B8,19:41,19:41,TRUE
40000143,Local,B9,19:43,19:43,FALSE
40000144,Local,B1,19:19,19:19,FALSE
40000144,Local,B2,19:21,19:21,TRUE
40000144,Local,B3,19:27,19:27,FALSE
40000144,Local,B4,19:32,19:32,FALSE
40000144,Local,B5,19:36,19:36,FALSE
40000144,Local,B6,19:38,19:38,FALSE
40000144,Local,B7,19:42,19:42,FALSE
40000144,Local,B8,19:44,19:44,TRUE
40000144,Local,B9,19:46,19:46,FALSE
40000145,Local,B1,19:22,19:22,FALSE
40000145,Local,B2,19:24,19:24,TRUE
40000145,Local,B3,19:30,19:30,FALSE
40000145,Local,B4,19:35,19:35,FALSE
40000145,Local,B5,19:39,19:39,FALSE
40000145,Local,B6,19:41,19:41,FALSE
40000145,Local,B7,19:45,19:45,FALSE
40000145,Local,B8,19:47,19:47,TRUE
40000145,Local,B9,19:49,19:49,FALSE
40000146,Local,B1,19:25,19:25,FALSE
40000146,Local,B2,19:27,19:27,TRUE
40000146,Local,B3,19:33,19:33,FALSE
40000146,Local,B4,19:38,19:38,FALSE
40000146,Local,B5,19:42,19:42,FALSE
40000146,Local,B6,19:44,19:44,FALSE
40000146,Local,B7,19:48,19:48,FALSE
40000146,Local,B8,19:50,19:50,TRUE
40000146,Local,B9,19:52,19:52,FALSE
40000147,Local,B1,19:28,19:28,FALSE
40000147,Local,B2,19:30,19:30,TRUE
40000147,Local,B3,19:36,19:36,FALSE
40000147,Local,B4,19:41,19:41,FALSE
40000147,Local,B5,19:45,19:45,FALSE
40000147,Local,B6,19:47,19:47,FALSE
40000147,Local,B7,19:51,19:51,FALSE
40000147,Local,B8,19:53,19:53,TRUE
40000147,Local,B9,19:55,19:55,FALSE
40000148,Local,B1,19:31,19:31,FALSE
40000148,Local,B2,19:33,19:33,TRUE
40000148,Local,B3,19:39,19:39,FALSE
40000148,Local,B4,19:44,19:44,FALSE
40000148,Local,B5,19:48,19:48,FALSE
40000148,Local,B6,19:50,19:50,FALSE
40000148,Local,B7,19:54,19:54,FALSE
40000148,Local,B8,19:56,19:56,TRUE
40000148,Local,B9,19:58,19:58,FALSE
40000149,Local,B1,19:34,19:34,FALSE
40000149,Local,B2,19:36,19:36,TRUE
40000149,Local,B3,19:42,19:42,FALSE
40000149,Local,B4,19:47,19:47,FALSE
40000149,Local,B5,19:51,19:51,FALSE
40000149,Local,B6,19:53,19:53,FALSE
40000149,Local,B7,19:57,19:57,FALSE
40000149,Local,B8,19:59,19:59,TRUE
40000149,Local,B9,20:01,20:01,FALSE
40000150,Local,B1,19:37,19:37,FALSE
40000150,Local,B2,19:39,19:39,TRUE
40000150,Local,B3,19:45,19:45,FALSE
40000150,Local,B4,19:50,19:50,FALSE
40000150,Local,B5,19:54,19:54,FALSE
40000150,Local,B6,19:56,19:56,FALSE
40000150,Local,B7,20:00,20:00,FALSE
40000150,Local,B8,20:02,20:02,TRUE
40000150,Local,B9,20:04,20:04,FALSE
40000151,Local,B1,19:40,19:40,FALSE
40000151,Local,B2,19:42,19:42,TRUE
40000151,Local,B3,19:48,19:48,FALSE
40000151,Local,B4,19:53,19:53,FALSE
40000151,Local,B5,19:57,19:57,FALSE
40000151,Local,B6,19:59,19:59,FALSE
40000151,Local,B7,20:03,20:03,FALSE
40000151,Local,B8,20:05,20:05,TRUE
40000151,Local,B9,20:07,20:07,FALSE
40000152,Local,B1,19:43,19:43,FALSE
40000152,Local,B2,19:45,19:45,TRUE
40000152,Local,B3,19:51,19:51,FALSE
40000152,Local,B4,19:56,19:56,FALSE
40000152,Local,B5,20:00,20:00,FALSE
40000152,Local,B6,20:02,20:02,FALSE
40000152,Local,B7,20:06,20:06,FALSE
40000152,Local,B8,20:08,20:08,TRUE
40000152,Local,B9,20:10,20:10,FALSE
40000153,Local,B1,19:46,19:46,FALSE
40000153,Local,B2,19:48,19:48,TRUE
40000153,Local,B3,19:54,19:54,FALSE
40000153,Local,B4,19:59,19:59,FALSE
40000153,Local,B5,20:03,20:03,FALSE
40000153,Local,B6,20:05,20:05,FALSE
40000153,Local,B7,20:09,20:09,FALSE
40000153,Local,B8,20:11,20:11,TRUE
40000153,Local,B9,20:13,20:13,FALSE
40000154,Local,B1,19:49,19:49,FALSE
40000154,Local,B2,19:51,19:51,TRUE
40000154,Local,B3,19:57,19:57,FALSE
40000154,Local,B4,20:02,20:02,FALSE
40000154,Local,B5,20:06,20:06,FALSE
40000154,Local,B6,20:08,20:08,FALSE
40000154,Local,B7,20:12,20:12,FALSE
40000154,Local,B8,20:14,20:14,TRUE
40000154,Local,B9,20:16,20:16,FALSE
40000155,Local,B1,19:52,19:52,FALSE
40000155,Local,B2,19:54,19:54,TRUE
40000155,Local,B3,20:00,20:00,FALSE
40000155,Local,B4,20:05,20:05,FALSE
40000155,Local,B5,20:09,20:09,FALSE
40000155,Local,B6,20:11,20:11,FALSE
40000155,Local,B7,20:15,20:15,FALSE
40000155,Local,B8,20:17,20:17,TRUE
40000155,Local,B9,20:19,20:19,FALSE
40000156,Local,B1,19:57,19:57,FALSE
40000156,Local,B2,19:59,19:59,TRUE
40000156,Local,B3,20:05,20:05,FALSE
40000156,Local,B4,20:10,20:10,FALSE
40000156,Local,B5,20:14,20:14,FALSE
40000156,Local,B6,20:16,20:16,FALSE
40000156,Local,B7,20:20,20:20,FALSE
40000156,Local,B8,20:22,20:22,TRUE
40000156,Local,B9,20:24,20:24,FALSE
40000157,Local,B1,20:02,20:02,FALSE
40000157,Local,B2,20:04,20:04,TRUE
40000157,Local,B3,20:10,20:10,FALSE
40000157,Local,B4,20:15,20:15,FALSE
40000157,Local,B5,20:19,20:19,FALSE
40000157,Local,B6,20:21,20:21,FALSE
40000157,Local,B7,20:25,20:25,FALSE
40000157,Local,B8,20:27,20:27,TRUE
40000157,Local,B9,20:29,20:29,FALSE
40000158,Local,B1,20:07,20:07,FALSE
40000158,Local,B2,20:09,20:09,TRUE
40000158,Local,B3,20:15,20:15,FALSE
40000158,Local,B4,20:20,20:20,FALSE
40000158,Local,B5,20:24,20:24,FALSE
40000158,Local,B6,20:26,20:26,FALSE
40000158,Local,B7,20:30,20:30,FALSE
40000158,Local,B8,20:32,20:32,TRUE
40000158,Local,B9,20:34,20:34,FALSE
40000159,Local,B1,20:12,20:12,FALSE
40000159,Local,B2,20:14,20:14,TRUE
40000159,Local,B3,20:20,20:20,FALSE
40000159,Local,B4,20:25,20:25,FALSE
40000159,Local,B5,20:29,20:29,FALSE
40000159,Local,B6,20:31,20:31,FALSE
40000159,Local,B7,20:35,20:35,FALSE
40000159,Local,B8,20:37,20:37,TRUE
40000159,Local,B9,20:39,20:39,FALSE
40000160,Local,B1,20:17,20:17,FALSE
40000160,Local,B2,20:19,20:19,TRUE
40000160,Local,B3,20:25,20:25,FALSE
40000160,Local,B4,20:30,20:30,FALSE
40000160,Local,B5,20:34,20:34,FALSE
40000160,Local,B6,20:36,20:36,FALSE
40000160,Local,B7,20:40,20:40,FALSE
40000160,Local,B8,20:42,20:42,TRUE
40000160,Local,B9,20:44,20:44,FALSE
40000161,Local,B1,20:25,20:25,FALSE
40000161,Local,B2,20:27,20:27,TRUE
40000161,Local,B3,20:33,20:33,FALSE
40000161,Local,B4,20:38,20:38,FALSE
40000161,Local,B5,20:42,20:42,FALSE
40000161,Local,B6,20:44,20:44,FALSE
40000161,Local,B7,20:48,20:48,FALSE
40000161,Local,B8,20:50,20:50,TRUE
40000161,Local,B9,20:52,20:52,FALSE
40000162,Local,B1,20:33,20:33,FALSE
40000162,Local,B2,20:35,20:35,TRUE
40000162,Local,B3,20:41,20:41,FALSE
40000162,Local,B4,20:46,20:46,FALSE
40000162,Local,B5,20:50,20:50,FALSE
40000162,Local,B6,20:52,20:52,FALSE
40000162,Local,B7,20:56,20:56,FALSE
40000162,Local,B8,20:58,20:58,TRUE
40000162,Local,B9,21:00,21:00,FALSE
40000163,Local,B1,20:41,20:41,FALSE
40000163,Local,B2,20:43,20:43,TRUE
40000163,Local,B3,20:49,20:49,FALSE
40000163,Local,B4,20:54,20:54,FALSE
40000163,Local,B5,20:58,20:58,FALSE
40000163,Local,B6,21:00,21:00,FALSE
40000163,Local,B7,21:04,21:04,FALSE
40000163,Local,B8,21:06,21:06,TRUE
40000163,Local,B9,21:08,21:08,FALSE
40000164,Local,B1,20:49,20:49,FALSE
40000164,Local,B2,20:51,20:51,TRUE
40000164,Local,B3,20:57,20:57,FALSE
40000164,Local,B4,21:02,21:02,FALSE
40000164,Local,B5,21:06,21:06,FALSE
40000164,Local,B6,21:08,21:08,FALSE
40000164,Local,B7,21:12,21:12,FALSE
40000164,Local,B8,21:14,21:14,TRUE
40000164,Local,B9,21:16,21:16,FALSE
40000165,Local,B1,20:57,20:57,FALSE
40000165,Local,B2,20:59,20:59,TRUE
40000165,Local,B3,21:05,21:05,FALSE
40000165,Local,B4,21:10,21:10,FALSE
40000165,Local,B5,21:14,21:14,FALSE
40000165,Local,B6,21:16,21:16,FALSE
40000165,Local,B7,21:20,21:20,FALSE
40000165,Local,B8,21:22,21:22,TRUE
40000165,Local,B9,21:24,21:24,FALSE
40000166,Local,B1,21:05,21:05,FALSE
40000166,Local,B2,21:07,21:07,TRUE
40000166,Local,B3,21:13,21:13,FALSE
40000166,Local,B4,21:18,21:18,FALSE
40000166,Local,B5,21:22,21:22,FALSE
40000166,Local,B6,21:24,21:24,FALSE
40000166,Local,B7,21:28,21:28,FALSE
40000166,Local,B8,21:30,21:30,TRUE
40000166,Local,B9,21:32,21:32,FALSE
40000167,Local,B1,21:13,21:13,FALSE
40000167,Local,B2,21:15,21:15,TRUE
40000167,Local,B3,21:21,21:21,FALSE
40000167,Local,B4,21:26,21:26,FALSE
40000167,Local,B5,21:30,21:30,FALSE
40000167,Local,B6,21:32,21:32,FALSE
40000167,Local,B7,21:36,21:36,FALSE
40000167,Local,B8,21:38,21:38,TRUE
40000167,Local,B9,21:40,21:40,FALSE
40000168,Local,B1,21:23,21:23,FALSE
40000168,Local,B2,21:25,21:25,TRUE
40000168,Local,B3,21:31,21:31,FALSE
40000168,Local,B4,21:36,21:36,FALSE
40000168,Local,B5,21:40,21:40,FALSE
40000168,Local,B6,21:42,21:42,FALSE
40000168,Local,B7,21:46,21:46,FALSE
40000168,Local,B8,21:48,21:48,TRUE
40000168,Local,B9,21:50,21:50,FALSE
40000169,Local,B1,21:33,21:33,FALSE
40000169,Local,B2,21:35,21:35,TRUE
40000169,Local,B3,21:41,21:41,FALSE
40000169,Local,B4,21:46,21:46,FALSE
40000169,Local,B5,21:50,21:50,FALSE
40000169,Local,B6,21:52,21:52,FALSE
40000169,Local,B7,21:56,21:56,FALSE
40000169,Local,B8,21:58,21:58,TRUE
40000169,Local,B9,22:00,22:00,FALSE
40000170,Local,B1,21:43,21:43,FALSE
40000170,Local,B2,21:45,21:45,TRUE
40000170,Local,B3,21:51,21:51,FALSE
40000170,Local,B4,21:56,21:56,FALSE
40000170,Local,B5,22:00,22:00,FALSE
40000170,Local,B6,22:02,22:02,FALSE
40000170,Local,B7,22:06,22:06,FALSE
40000170,Local,B8,22:08,22:08,TRUE
40000170,Local,B9,22:10,22:10,FALSE
40000171,Local,B1,21:53,21:53,FALSE
40000171,Local,B2,21:55,21:55,TRUE
40000171,Local,B3,22:01,22:01,FALSE
40000171,Local,B4,22:06,22:06,FALSE
40000171,Local,B5,22:10,22:10,FALSE
40000171,Local,B6,22:12,22:12,FALSE
40000171,Local,B7,22:16,22:16,FALSE
40000171,Local,B8,22:18,22:18,TRUE
40000171,Local,B9,22:20,22:20,FALSE
40000172,Local,B1,22:03,22:03,FALSE
40000172,Local,B2,22:05,22:05,TRUE
40000172,Local,B3,22:11,22:11,FALSE
40000172,Local,B4,22:16,22:16,FALSE
40000172,Local,B5,22:20,22:20,FALSE
40000172,Local,B6,22:22,22:22,FALSE
40000172,Local,B7,22:26,22:26,FALSE
40000172,Local,B8,22:28,22:28,TRUE
40000172,Local,B9,22:30,22:30,FALSE
40000173,Local,B1,22:13,22:13,FALSE
40000173,Local,B2,22:15,22:15,TRUE
40000173,Local,B3,22:21,22:21,FALSE
40000173,Local,B4,22:26,22:26,FALSE
40000173,Local,B5,22:30,22:30,FALSE
40000173,Local,B6,22:32,22:32,FALSE
40000173,Local,B7,22:36,22:36,FALSE
40000173,Local,B8,22:38,22:38,TRUE
40000173,Local,B9,22:40,22:40,FALSE
40000174,Local,B1,22:23,22:23,FALSE
40000174,Local,B2,22:25,22:25,TRUE
40000174,Local,B3,22:31,22:31,FALSE
40000174,Local,B4,22:36,22:36,FALSE
40000174,Local,B5,22:40,22:40,FALSE
40000174,Local,B6,22:42,22:42,FALSE
40000174,Local,B7,22:46,22:46,FALSE
40000174,Local,B8,22:48,22:48,TRUE
40000174,Local,B9,22:50,22:50,FALSE
40000175,Local,B1,22:33,22:33,FALSE
40000175,Local,B2,22:35,22:35,TRUE
40000175,Local,B3,22:41,22:41,FALSE
40000175,Local,B4,22:46,22:46,FALSE
40000175,Local,B5,22:50,22:50,FALSE
40000175,Local,B6,22:52,22:52,FALSE
40000175,Local,B7,22:56,22:56,FALSE
40000175,Local,B8,22:58,22:58,TRUE
40000175,Local,B9,23:00,23:00,FALSE
40000176,Local,B1,22:45,22:45,FALSE
40000176,Local,B2,22:47,22:47,TRUE
40000176,Local,B3,22:53,22:53,FALSE
40000176,Local,B4,22:58,22:58,FALSE
40000176,Local,B5,23:02,23:02,FALSE
40000176,Local,B6,23:04,23:04,FALSE
40000176,Local,B7,23:08,23:08,FALSE
40000176,Local,B8,23:10,23:10,TRUE
40000176,Local,B9,23:12,23:12,FALSE
40000177,Local,B1,22:57,22:57,FALSE
40000177,Local,B2,22:59,22:59,TRUE
40000177,Local,B3,23:05,23:05,FALSE
40000177,Local,B4,23:10,23:10,FALSE
40000177,Local,B5,23:14,23:14,FALSE
40000177,Local,B6,23:16,23:16,FALSE
40000177,Local,B7,23:20,23:20,FALSE
40000177,Local,B8,23:22,23:22,TRUE
40000177,Local,B9,23:24,23:24,FALSE
40000178,Local,B1,23:09,23:09,FALSE
40000178,Local,B2,23:11,23:11,TRUE
40000178,Local,B3,23:17,23:17,FALSE
40000178,Local,B4,23:22,23:22,FALSE
40000178,Local,B5,23:26,23:26,FALSE
40000178,Local,B6,23:28,23:28,FALSE
40000178,Local,B7,23:32,23:32,FALSE
40000178,Local,B8,23:34,23:34,TRUE
40000178,Local,B9,23:36,23:36,FALSE
40000179,Local,B1,23:21,23:21,FALSE
40000179,Local,B2,23:23,23:23,TRUE
40000179,Local,B3,23:29,23:29,FALSE
40000179,Local,B4,23:34,23:34,FALSE
40000179,Local,B5,23:38,23:38,FALSE
40000179,Local,B6,23:40,23:40,FALSE
40000179,Local,B7,23:44,23:44,FALSE
40000179,Local,B8,23:46,23:46,TRUE
40000179,Local,B9,23:48,23:48,FALSE
